29.06.2025,10 km,29-06-2025
NISSAN 22,0.00 km,29-06-2025
NISSAN 21,0.00 km,29-06-2025
NISSAN 23,0.00 km,29-06-2025
NISSAN 12,0 km,29-06-2025
HILUX 27,0 km,29-06-2025
Nissan 10,2 km,29-06-2025
NISSAN 17,2 km,29-06-2025
Honda 2,5 km,29-06-2025
06.07.2025,14 km,06-07-2025
NISSAN 22,0.00 km,06-07-2025
NISSAN 14,0.00 km,06-07-2025
NISSAN 21,0 km,06-07-2025
HILUX 27,0 km,06-07-2025
NISSAN 17,0 km,06-07-2025
NISSAN 23,0 km,06-07-2025
NISSAN 12,0 km,06-07-2025
Nissan 10,1 km,06-07-2025
Honda 2,5 km,06-07-2025
Honda 1,7 km,06-07-2025
13.07.2025,14 km,13-07-2025
NISSAN 14,0.00 km,13-07-2025
HILUX 27,0.00 km,13-07-2025
Nissan 20,0 km,13-07-2025
Nissan 10,0 km,13-07-2025
NISSAN 12,0 km,13-07-2025
Honda 1,5 km,13-07-2025
Honda 2,8 km,13-07-2025
20.07.2025,15 km,20-07-2025
NISSAN 23,0.00 km,20-07-2025
HILUX 27,0.00 km,20-07-2025
NISSAN 14,0 km,20-07-2025
NISSAN 21,0 km,20-07-2025
NISSAN 17,1 km,20-07-2025
Honda 2,7 km,20-07-2025
Honda 1,7 km,20-07-2025
19.07.2025,962 km,19-07-2025
Nissan 10,4 km,19-07-2025
Honda 2,9 km,19-07-2025
Honda 1,16 km,19-07-2025
NISSAN 22,31 km,19-07-2025
HILUX 27,43 km,19-07-2025
NISSAN 12,57 km,19-07-2025
NISSAN 18,59 km,19-07-2025
NISSAN 17,69 km,19-07-2025
NISSAN 19,70 km,19-07-2025
NISSAN 21,78 km,19-07-2025
NISSAN 14,79 km,19-07-2025
NISSAN 23,97 km,19-07-2025
Nissan 20,105 km,19-07-2025
NISSAN 11,120 km,19-07-2025
NISSAN 15,126 km,19-07-2025
05.07.2025,1029 km,05-07-2025
NISSAN 14,0 km,05-07-2025
NISSAN 22,3 km,05-07-2025
Honda 1,13 km,05-07-2025
HILUX 27,18 km,05-07-2025
Nissan 10,63 km,05-07-2025
NISSAN 12,67 km,05-07-2025
NISSAN 19,73 km,05-07-2025
NISSAN 21,81 km,05-07-2025
Honda 2,87 km,05-07-2025
NISSAN 23,88 km,05-07-2025
NISSAN 17,99 km,05-07-2025
NISSAN 15,105 km,05-07-2025
NISSAN 18,105 km,05-07-2025
Nissan 20,113 km,05-07-2025
Nissan 5,115 km,05-07-2025
28.06.2025,1182 km,28-06-2025
NISSAN 18,1 km,28-06-2025
NISSAN 16,2 km,28-06-2025
Honda 2,9 km,28-06-2025
Honda 1,21 km,28-06-2025
NISSAN 12,55 km,28-06-2025
Nissan 10,59 km,28-06-2025
NISSAN 11,61 km,28-06-2025
HILUX 27,63 km,28-06-2025
NISSAN 19,78 km,28-06-2025
Nissan 5,80 km,28-06-2025
NISSAN 21,83 km,28-06-2025
NISSAN 23,94 km,28-06-2025
NISSAN 17,96 km,28-06-2025
Nissan 20,110 km,28-06-2025
NISSAN 22,111 km,28-06-2025
NISSAN 15,128 km,28-06-2025
NISSAN 14,130 km,28-06-2025
12.07.2025,1194 km,12-07-2025
HILUX 27,32 km,12-07-2025
Nissan 5,42 km,12-07-2025
Honda 1,44 km,12-07-2025
NISSAN 12,54 km,12-07-2025
NISSAN 19,72 km,12-07-2025
Nissan 10,77 km,12-07-2025
Honda 2,80 km,12-07-2025
NISSAN 14,85 km,12-07-2025
NISSAN 23,86 km,12-07-2025
NISSAN 21,91 km,12-07-2025
NISSAN 11,100 km,12-07-2025
Nissan 20,100 km,12-07-2025
NISSAN 18,105 km,12-07-2025
NISSAN 17,111 km,12-07-2025
NISSAN 22,112 km,12-07-2025
08.07.2025,1213 km,08-07-2025
Nissan 5,4 km,08-07-2025
Honda 2,22 km,08-07-2025
NISSAN 19,31 km,08-07-2025
Honda 1,39 km,08-07-2025
Nissan 10,59 km,08-07-2025
NISSAN 11,67 km,08-07-2025
NISSAN 12,72 km,08-07-2025
NISSAN 14,73 km,08-07-2025
NISSAN 18,86 km,08-07-2025
Nissan 20,91 km,08-07-2025
NISSAN 15,97 km,08-07-2025
NISSAN 21,106 km,08-07-2025
NISSAN 17,108 km,08-07-2025
NISSAN 23,113 km,08-07-2025
NISSAN 22,117 km,08-07-2025
HILUX 27,126 km,08-07-2025
01.07.2025,1243 km,01-07-2025
Nissan 5,0.02 km,01-07-2025
Honda 1,11 km,01-07-2025
Honda 2,33 km,01-07-2025
NISSAN 22,45 km,01-07-2025
NISSAN 12,62 km,01-07-2025
Nissan 10,64 km,01-07-2025
HILUX 27,71 km,01-07-2025
NISSAN 18,71 km,01-07-2025
NISSAN 19,88 km,01-07-2025
NISSAN 17,94 km,01-07-2025
Nissan 20,96 km,01-07-2025
NISSAN 14,104 km,01-07-2025
NISSAN 15,114 km,01-07-2025
NISSAN 23,118 km,01-07-2025
NISSAN 21,135 km,01-07-2025
NISSAN 11,138 km,01-07-2025
10.07.2025,1306 km,10-07-2025
NISSAN 15,4 km,10-07-2025
Honda 1,12 km,10-07-2025
Honda 2,15 km,10-07-2025
Nissan 5,57 km,10-07-2025
HILUX 27,67 km,10-07-2025
Nissan 20,74 km,10-07-2025
NISSAN 12,75 km,10-07-2025
Nissan 10,85 km,10-07-2025
NISSAN 17,86 km,10-07-2025
NISSAN 19,87 km,10-07-2025
NISSAN 14,95 km,10-07-2025
NISSAN 23,112 km,10-07-2025
NISSAN 18,119 km,10-07-2025
NISSAN 21,130 km,10-07-2025
NISSAN 22,135 km,10-07-2025
NISSAN 11,154 km,10-07-2025
22.07.2025,1346 km,22-07-2025
Honda 1,4 km,22-07-2025
Nissan 5,4 km,22-07-2025
NISSAN 16,16 km,22-07-2025
Honda 2,22 km,22-07-2025
NISSAN 12,54 km,22-07-2025
NISSAN 11,77 km,22-07-2025
NISSAN 19,87 km,22-07-2025
NISSAN 17,99 km,22-07-2025
HILUX 27,105 km,22-07-2025
NISSAN 18,107 km,22-07-2025
NISSAN 23,113 km,22-07-2025
Nissan 20,120 km,22-07-2025
NISSAN 14,124 km,22-07-2025
NISSAN 15,129 km,22-07-2025
NISSAN 22,136 km,22-07-2025
NISSAN 21,150 km,22-07-2025
03.07.2025,1410 km,03-07-2025
Nissan 20,21 km,03-07-2025
NISSAN 12,31 km,03-07-2025
Honda 2,31 km,03-07-2025
NISSAN 14,73 km,03-07-2025
NISSAN 11,75 km,03-07-2025
Nissan 10,87 km,03-07-2025
NISSAN 19,90 km,03-07-2025
NISSAN 17,95 km,03-07-2025
HILUX 27,110 km,03-07-2025
NISSAN 23,116 km,03-07-2025
Nissan 5,123 km,03-07-2025
NISSAN 15,125 km,03-07-2025
NISSAN 21,128 km,03-07-2025
NISSAN 18,150 km,03-07-2025
NISSAN 22,153 km,03-07-2025
14.07.2025,1433 km,14-07-2025
Honda 2,10 km,14-07-2025
Honda 1,15 km,14-07-2025
NISSAN 15,17 km,14-07-2025
Nissan 5,58 km,14-07-2025
Nissan 10,68 km,14-07-2025
HILUX 27,86 km,14-07-2025
Nissan 20,89 km,14-07-2025
NISSAN 19,89 km,14-07-2025
NISSAN 12,95 km,14-07-2025
NISSAN 17,108 km,14-07-2025
NISSAN 21,113 km,14-07-2025
NISSAN 23,125 km,14-07-2025
NISSAN 11,136 km,14-07-2025
NISSAN 14,137 km,14-07-2025
NISSAN 22,142 km,14-07-2025
NISSAN 18,145 km,14-07-2025
18.07.2025,1436 km,18-07-2025
Honda 2,6 km,18-07-2025
NISSAN 22,14 km,18-07-2025
Honda 1,25 km,18-07-2025
Nissan 10,41 km,18-07-2025
NISSAN 18,72 km,18-07-2025
Nissan 5,79 km,18-07-2025
NISSAN 12,91 km,18-07-2025
NISSAN 19,96 km,18-07-2025
NISSAN 14,96 km,18-07-2025
NISSAN 17,103 km,18-07-2025
Nissan 20,105 km,18-07-2025
NISSAN 21,107 km,18-07-2025
HILUX 27,130 km,18-07-2025
NISSAN 23,138 km,18-07-2025
NISSAN 11,156 km,18-07-2025
NISSAN 15,178 km,18-07-2025
21.07.2025,1474 km,21-07-2025
Honda 1,7 km,21-07-2025
Honda 2,42 km,21-07-2025
Nissan 5,42 km,21-07-2025
NISSAN 16,51 km,21-07-2025
NISSAN 12,80 km,21-07-2025
NISSAN 11,92 km,21-07-2025
NISSAN 21,94 km,21-07-2025
NISSAN 19,96 km,21-07-2025
HILUX 27,98 km,21-07-2025
NISSAN 14,104 km,21-07-2025
NISSAN 23,117 km,21-07-2025
NISSAN 17,120 km,21-07-2025
Nissan 20,122 km,21-07-2025
NISSAN 22,124 km,21-07-2025
NISSAN 18,136 km,21-07-2025
NISSAN 15,148 km,21-07-2025
15.07.2025,1484 km,15-07-2025
Honda 2,9 km,15-07-2025
Honda 1,11 km,15-07-2025
Nissan 5,52 km,15-07-2025
NISSAN 12,63 km,15-07-2025
Nissan 10,78 km,15-07-2025
NISSAN 19,81 km,15-07-2025
HILUX 27,87 km,15-07-2025
NISSAN 17,89 km,15-07-2025
Nissan 20,92 km,15-07-2025
NISSAN 11,93 km,15-07-2025
NISSAN 18,108 km,15-07-2025
NISSAN 23,120 km,15-07-2025
NISSAN 15,123 km,15-07-2025
NISSAN 21,137 km,15-07-2025
NISSAN 22,160 km,15-07-2025
NISSAN 14,180 km,15-07-2025
07.07.2025,1487 km,07-07-2025
Honda 2,12 km,07-07-2025
NISSAN 22,54 km,07-07-2025
Honda 1,54 km,07-07-2025
NISSAN 12,80 km,07-07-2025
NISSAN 19,93 km,07-07-2025
NISSAN 21,96 km,07-07-2025
Nissan 10,96 km,07-07-2025
NISSAN 23,97 km,07-07-2025
Nissan 20,107 km,07-07-2025
HILUX 27,107 km,07-07-2025
NISSAN 15,111 km,07-07-2025
NISSAN 14,123 km,07-07-2025
NISSAN 18,131 km,07-07-2025
NISSAN 11,156 km,07-07-2025
NISSAN 17,170 km,07-07-2025
23.07.2025,1511 km,23-07-2025
Honda 2,9 km,23-07-2025
Nissan 5,15 km,23-07-2025
Honda 1,46 km,23-07-2025
NISSAN 16,50 km,23-07-2025
NISSAN 11,74 km,23-07-2025
NISSAN 17,74 km,23-07-2025
NISSAN 12,85 km,23-07-2025
NISSAN 21,90 km,23-07-2025
NISSAN 14,99 km,23-07-2025
Nissan 20,119 km,23-07-2025
NISSAN 23,130 km,23-07-2025
NISSAN 22,136 km,23-07-2025
HILUX 27,140 km,23-07-2025
NISSAN 19,141 km,23-07-2025
NISSAN 18,146 km,23-07-2025
NISSAN 15,158 km,23-07-2025
30.06.2025,1513 km,30-06-2025
Honda 1,18 km,30-06-2025
Honda 2,37 km,30-06-2025
NISSAN 22,40 km,30-06-2025
NISSAN 12,74 km,30-06-2025
Nissan 20,83 km,30-06-2025
NISSAN 18,85 km,30-06-2025
Nissan 10,90 km,30-06-2025
NISSAN 19,98 km,30-06-2025
HILUX 27,98 km,30-06-2025
NISSAN 21,106 km,30-06-2025
NISSAN 11,114 km,30-06-2025
NISSAN 17,118 km,30-06-2025
NISSAN 14,120 km,30-06-2025
NISSAN 15,136 km,30-06-2025
NISSAN 23,139 km,30-06-2025
Nissan 5,156 km,30-06-2025
04.07.2025,1518 km,04-07-2025
NISSAN 14,0.00 km,04-07-2025
HILUX 27,54 km,04-07-2025
Honda 1,58 km,04-07-2025
Nissan 10,67 km,04-07-2025
NISSAN 17,81 km,04-07-2025
NISSAN 12,82 km,04-07-2025
NISSAN 19,86 km,04-07-2025
NISSAN 21,91 km,04-07-2025
NISSAN 11,98 km,04-07-2025
Nissan 5,108 km,04-07-2025
NISSAN 22,112 km,04-07-2025
Nissan 20,115 km,04-07-2025
NISSAN 23,125 km,04-07-2025
NISSAN 18,140 km,04-07-2025
Honda 2,140 km,04-07-2025
NISSAN 15,161 km,04-07-2025
11.07.2025,1523 km,11-07-2025
NISSAN 18,28 km,11-07-2025
Honda 1,29 km,11-07-2025
Honda 2,40 km,11-07-2025
Nissan 10,58 km,11-07-2025
Nissan 20,81 km,11-07-2025
NISSAN 17,82 km,11-07-2025
NISSAN 12,87 km,11-07-2025
NISSAN 14,92 km,11-07-2025
NISSAN 19,98 km,11-07-2025
NISSAN 21,114 km,11-07-2025
Nissan 5,129 km,11-07-2025
NISSAN 22,129 km,11-07-2025
NISSAN 15,131 km,11-07-2025
NISSAN 23,131 km,11-07-2025
NISSAN 11,144 km,11-07-2025
HILUX 27,150 km,11-07-2025
02.07.2025,1531 km,02-07-2025
Honda 2,12 km,02-07-2025
HILUX 27,54 km,02-07-2025
NISSAN 11,58 km,02-07-2025
NISSAN 12,59 km,02-07-2025
NISSAN 17,71 km,02-07-2025
NISSAN 19,78 km,02-07-2025
NISSAN 23,86 km,02-07-2025
Honda 1,87 km,02-07-2025
Nissan 10,90 km,02-07-2025
Nissan 5,103 km,02-07-2025
Nissan 20,112 km,02-07-2025
NISSAN 14,117 km,02-07-2025
NISSAN 21,117 km,02-07-2025
NISSAN 22,148 km,02-07-2025
NISSAN 18,159 km,02-07-2025
NISSAN 15,180 km,02-07-2025
09.07.2025,1539 km,09-07-2025
Honda 1,42 km,09-07-2025
Honda 2,48 km,09-07-2025
Nissan 10,60 km,09-07-2025
NISSAN 17,65 km,09-07-2025
NISSAN 12,71 km,09-07-2025
NISSAN 19,74 km,09-07-2025
NISSAN 18,80 km,09-07-2025
Nissan 5,104 km,09-07-2025
NISSAN 14,107 km,09-07-2025
Nissan 20,110 km,09-07-2025
NISSAN 21,112 km,09-07-2025
HILUX 27,116 km,09-07-2025
NISSAN 23,123 km,09-07-2025
NISSAN 15,129 km,09-07-2025
NISSAN 22,141 km,09-07-2025
NISSAN 11,158 km,09-07-2025
17.07.2025,1588 km,17-07-2025
Honda 2,6 km,17-07-2025
Honda 1,15 km,17-07-2025
HILUX 27,83 km,17-07-2025
NISSAN 17,84 km,17-07-2025
NISSAN 12,92 km,17-07-2025
NISSAN 19,93 km,17-07-2025
Nissan 5,93 km,17-07-2025
NISSAN 18,105 km,17-07-2025
Nissan 10,107 km,17-07-2025
Nissan 20,108 km,17-07-2025
NISSAN 22,114 km,17-07-2025
NISSAN 14,126 km,17-07-2025
NISSAN 21,134 km,17-07-2025
NISSAN 15,135 km,17-07-2025
NISSAN 11,142 km,17-07-2025
NISSAN 23,152 km,17-07-2025
16.07.2025,1593 km,16-07-2025
Honda 2,25 km,16-07-2025
Honda 1,33 km,16-07-2025
Nissan 5,33 km,16-07-2025
NISSAN 17,72 km,16-07-2025
NISSAN 19,79 km,16-07-2025
NISSAN 12,81 km,16-07-2025
Nissan 10,90 km,16-07-2025
HILUX 27,102 km,16-07-2025
Nissan 20,106 km,16-07-2025
NISSAN 23,111 km,16-07-2025
NISSAN 21,117 km,16-07-2025
NISSAN 18,123 km,16-07-2025
NISSAN 11,145 km,16-07-2025
NISSAN 14,148 km,16-07-2025
NISSAN 15,161 km,16-07-2025
NISSAN 22,167 km,16-07-2025
,,16-07-2025